grupo,texto,link,carga_horaria,tipo
Conceitos de Orientação a Objetos,Princípios básicos da Programação Orientação a Objetos (POO),https://yanborowski.medium.com/princ%C3%ADpios-b%C3%A1sicos-da-programa%C3%A7%C3%A3o-orienta%C3%A7%C3%A3o-a-objetos-poo-62da3998b7ce,,ARTIGO
Conceitos de Orientação a Objetos,FernandaDev: O que é Programação Orientada a Objetos?(POO),https://www.youtube.com/watch?v=QJjY2TNyl-8,,YOUTUBE
Conceitos de Orientação a Objetos,Giuliana Bezerra: Desmistificando os tipos de referência - Ep. 8,https://youtu.be/D9hANYbPYCc,,YOUTUBE
Conceitos de Orientação a Objetos,Hipsters.tech: TechGuide - Orientação a Objetos – Hipsters Ponto Tech #350,https://www.hipsters.tech/techguide-orientacao-a-objetos-hipsters-ponto-tech-350/,,PODCAST
Conceitos de Orientação a Objetos,POO: o que é programação orientada a objetos?,https://www.alura.com.br/artigos/poo-programacao-orientada-a-objetos,,ARTIGO
Conceitos de Orientação a Objetos,Apostila: Java e Orientação a Objetos,https://www.alura.com.br/apostila-java-orientacao-objetos,,SITE
Conceitos de Orientação a Objetos,Livro: Orientação a Objetos,https://www.casadocodigo.com.br/products/livro-oo-conceitos,,SITE
Conceitos de Orientação a Objetos,Alura: Orientação a objetos (com Roberta Arcoverde),https://www.youtube.com/watch?v=jpuJ1qrluoU,,YOUTUBE
Conceitos de Orientação a Objetos,"Alura: Imersão Java: Orientação a Objetos, APIs e além (e live coding!)",https://www.youtube.com/watch?v=WdT90ffB-0Q,,YOUTUBE
Conceitos de Orientação a Objetos,Formação Java e Orientação a Objetos,https://cursos.alura.com.br/formacao-java,40,CURSO
Conceitos de Orientação a Objetos,Formação C# e Orientação a Objetos,https://cursos.alura.com.br/formacao-c-sharp-orientacao-objetos,32,CURSO
Conceitos de Orientação a Objetos,Formação Python e orientação a objetos,https://cursos.alura.com.br/formacao-Python-linguagem,25,CURSO
Conceitos de Orientação a Objetos,"Curso Orientação a Objetos com PHP: Classes, métodos e atributos",https://www.alura.com.br/curso-online-php-oo-classes-metodos-atributos,8,CURSO
Conceitos de Orientação a Objetos,Curso JavaScript: programação orientada a objetos,https://www.alura.com.br/curso-online-javascript-passos-programacao-orientada-objetos,8,CURSO
JSON,MDN Web Docs: JSON,https://developer.mozilla.org/pt-BR/docs/Web/JavaScript/Reference/Global_Objects/JSON,,SITE
JSON,MDN Web Docs: Trabalhando com JSON,https://developer.mozilla.org/pt-BR/docs/Learn/JavaScript/Objects/JSON,,SITE
JSON,Introdução ao JSON,https://juliocarneiro.medium.com/introdu%C3%A7%C3%A3o-ao-json-7825b1a550ff,,ARTIGO
JSON,Marco Bruno: O que é JSON e como criar um objeto,https://www.youtube.com/watch?v=oCY5YEEjlwE,,YOUTUBE
JSON,O que é JSON?,https://www.alura.com.br/artigos/o-que-e-json,,ARTIGO
JSON,Curso MySQL e JSON: persistindo JSON de maneira eficiente,https://www.alura.com.br/curso-online-mysql-json-persistencia,14,CURSO
Design Patterns,Design Patterns — O que são e quais os benefícios?,https://djesusnet.medium.com/design-patterns-gof-o-que-s%C3%A3o-e-quais-os-benef%C3%ADcios-9cd0cfdd6ebf,,ARTIGO
Design Patterns,Design Patterns,https://medium.com/xp-inc/design-patterns-727494af001d,,ARTIGO
Design Patterns,Matheus Castiglioni: O que são design patterns (padrões de projetos) e para que servem?,https://www.youtube.com/watch?v=KNWd1aWtsMw,,YOUTUBE
Design Patterns,RinaldoDev: Design Patterns - o que são? Por que aprender a utilizar?,https://www.youtube.com/watch?v=AWOf6Wo6gtg,,YOUTUBE
Design Patterns,Hipsters.tech: TechGuide - Design Patterns – Hipsters Ponto Tech #347,https://www.hipsters.tech/techguide-design-patterns-hipsters-ponto-tech-347/,,PODCAST
Design Patterns,Design patterns: Breve introdução aos padrões de projeto,https://www.alura.com.br/artigos/design-patterns-introducao-padroes-projeto,,ARTIGO
Design Patterns,Hipsters.tech: Design Patterns - Hipsters 206,https://www.alura.com.br/podcast/design-patterns-hipsters-206-a345,,PODCAST
Design Patterns,Curso Design Patterns em Java I: boas práticas de programação,https://www.alura.com.br/curso-online-introducao-design-patterns-java,10,CURSO
Design Patterns,Curso Design Patterns C# I: boas práticas de programação,https://www.alura.com.br/curso-online-design-patterns-dotnet,10,CURSO
Design Patterns,Curso Design Patterns em PHP: padrões comportamental,https://www.alura.com.br/curso-online-php-design-pattern-comportamental,8,CURSO
Design Patterns,Curso Design Patterns em PHP: padrões estruturais,https://www.alura.com.br/curso-online-php-design-pattern-estrutural,8,CURSO
Design Patterns,Curso Design Patterns em PHP: padrões criacionais,https://www.alura.com.br/curso-online-php-design-pattern-criacional,8,CURSO
Python - Fundamentos,Documentação Python,https://docs.python.org/pt-br/3/tutorial/,,SITE
Python - Fundamentos,Programação | Python — Parte 1,https://medium.com/turing-talks/turing-talks-4-python-parte-1-29b8d9efd0a5,,ARTIGO
Python - Fundamentos,Introdução ao Python,https://medium.com/@goularteduarda.a/introdu%C3%A7%C3%A3o-ao-python-d30c29eba0d6,,ARTIGO
Python - Fundamentos,Eduardo Mendes: Curso introdutório de Python,https://www.youtube.com/watch?v=yTQDbqmv8Ho,,YOUTUBE
Python - Fundamentos,"O que é Python? História, Sintaxe e um Guia para iniciar na Linguagem",https://www.alura.com.br/artigos/python,,ARTIGO
Python - Fundamentos,Hipsters.tech: Python – Hipsters 122,https://www.hipsters.tech/python-hipsters-122/,,PODCAST
Python - Fundamentos,Hipsters.tech: Python Fluente – Hipsters Ponto Tech 179,https://www.hipsters.tech/python-fluente-hipsters-ponto-tech-179/,,PODCAST
Python - Fundamentos,Alura: A linguagem Python - Alura Live 94,https://www.youtube.com/watch?v=Nbt0eQHChoI,,YOUTUBE
Python - Fundamentos,Alura: O que é Python?,https://www.youtube.com/watch?v=-LATVnPcvHI,,YOUTUBE
Python - Fundamentos,Python - Uma Introdução à Linguagem,https://www.alura.com.br/artigos/python-uma-introducao-a-linguagem,,ARTIGO
Python - Fundamentos,Python: Trabalhando com precisão em números decimais,https://www.alura.com.br/artigos/precisao-numeros-decimais-python,,ARTIGO
Python - Fundamentos,Listas em Python: operações básicas,https://www.alura.com.br/artigos/listas-no-python,,ARTIGO
Python - Fundamentos,Como comparar objetos no Python?,https://www.alura.com.br/artigos/como-comparar-objetos-no-python,,ARTIGO
Python - Fundamentos,Python datetime: Lidando com datas e horários,https://www.alura.com.br/artigos/lidando-com-datas-e-horarios-no-python,,ARTIGO
Python - Fundamentos,Curso Python: crie a sua primeira aplicação,https://cursos.alura.com.br/course/python-crie-sua-primeira-aplicacao,8,CURSO
Python - Fundamentos,Formação Python e orientação a objetos,https://cursos.alura.com.br/formacao-linguagem-python,25,CURSO
Go (GoLang) - Fundamentos,Documentação Go: Começando com Go (inglês),https://go.dev/doc/tutorial/getting-started,,SITE
Go (GoLang) - Fundamentos,Documentação Go: Criando um módulo Go (inglês),https://go.dev/doc/tutorial/create-module,,SITE
Go (GoLang) - Fundamentos,GoLang — Simplificando a complexidade,https://medium.com/trainingcenter/golang-d94e16d4b383,,ARTIGO
Go (GoLang) - Fundamentos,Trabalhando com concorrência em Go — com benchmark,https://vinnynordi.com/trabalhando-com-concorr%C3%AAncia-em-go-com-benchmark-aecefdc7ab7c,,ARTIGO
Go (GoLang) - Fundamentos,Código Fonte TV: Golang (A Linguagem do Futuro?) // Dicionário do Programador,https://www.youtube.com/watch?v=Q0sKAMal4WQ&ab_channel=edureka%21,,YOUTUBE
Go (GoLang) - Fundamentos,Variáveis em Go: como elas funcionam?,https://www.alura.com.br/artigos/variaves-com-go-lang,,ARTIGO
Go (GoLang) - Fundamentos,Estruturas básicas de controle com GO,https://www.alura.com.br/artigos/estruturas-basicas-de-controle-com-go,,ARTIGO
Go (GoLang) - Fundamentos,Conversão de tipos com Go,https://www.alura.com.br/artigos/conversao-de-tipos-com-go,,ARTIGO
Go (GoLang) - Fundamentos,Criando uma simples aplicação web com GO,https://www.alura.com.br/artigos/criando-uma-simples-aplicacao-web-com-go,,ARTIGO
Go (GoLang) - Fundamentos,Golang: trabalhando com datas,https://www.alura.com.br/artigos/golang-trabalhando-com-datas,,ARTIGO
Go (GoLang) - Fundamentos,A linguagem Go – Hipsters #67,https://www.hipsters.tech/linguagem-go-hipsters-67/,,PODCAST
Go (GoLang) - Fundamentos,Ecossistemas Golang- Hipsters Ponto Tech #296,https://www.hipsters.tech/ecossistemas-golang-hipsters-ponto-tech-296/,,PODCAST
Go (GoLang) - Fundamentos,Conhecendo a linguagem Go | Hipsters.Talks,https://www.youtube.com/watch?v=y8FeZMv37WU&ab_channel=Alura,,YOUTUBE
Go (GoLang) - Fundamentos,Formação Linguagem Go,https://www.alura.com.br/formacao-go,51,CURSO
Java - Fundamentos,O que é Java?,https://aws.amazon.com/pt/what-is/java/,,SITE
Java - Fundamentos,Aprenda Comigo: Java — Parte 1,https://medium.com/clebertech/aprenda-comigo-java-parte-1-42ef8fddd8b6,,ARTIGO
Java - Fundamentos,"FernandaDev: Java (Aula 1 - Classes, Objetos, Atributos e Métodos)",https://www.youtube.com/watch?v=ohmHbdUhAGc,,YOUTUBE
Java - Fundamentos,Loiane Groner: Primeiro Programa em Java,https://youtu.be/mu2ti43cgwc,,YOUTUBE
Java - Fundamentos,"Java: o que é, linguagem e um Guia para iniciar na tecnologia",https://www.alura.com.br/artigos/java,,ARTIGO
Java - Fundamentos,Hipster 313 - Ecossistema Java revisitado,https://www.hipsters.tech/ecossistema-java-revisitado-hipsters-ponto-tech-313/,,PODCAST
Java - Fundamentos,Como começar a desenvolver em Java?,https://www.alura.com.br/artigos/comecando-com-o-desenvolvimento-java,,ARTIGO
Java - Fundamentos,Meu primeiro programa em Java,https://www.alura.com.br/artigos/meu-primeiro-programa-em-java,,ARTIGO
Java - Fundamentos,Java: Conheça o método main,https://www.alura.com.br/artigos/metodo-main-em-java,,ARTIGO
Java - Fundamentos,Desenvolvendo aplicações Java com o VS Code,https://www.alura.com.br/artigos/desenvolvendo-aplicacoes-java-vs-code,,ARTIGO
Java - Fundamentos,Diferença entre int e Integer em Java,https://www.alura.com.br/artigos/diferenca-entre-int-e-integer-em-java,,ARTIGO
Java - Fundamentos,Como converter String para Date em Java,https://www.alura.com.br/artigos/como-converter-string-para-date-em-java,,ARTIGO
Java - Fundamentos,Iterando uma lista em Java,https://www.alura.com.br/artigos/iterando-uma-lista-em-java,,ARTIGO
Java - Fundamentos,Importando classes no Java,https://www.alura.com.br/artigos/importando-classes-em-java,,ARTIGO
Java - Fundamentos,Apostila: Java e Orientação a Objetos,https://www.alura.com.br/apostila-java-orientacao-objetos,,SITE
Java - Fundamentos,Apostila: Java para Desenvolvimento Web,https://www.alura.com.br/apostila-java-web,,SITE
Java - Fundamentos,Alura: O que é o Java?,https://www.youtube.com/watch?v=90NcVNsKGik,,YOUTUBE
Java - Fundamentos,Formação Java e Orientação a Objetos,https://cursos.alura.com.br/formacao-java,40,CURSO
Java - Fundamentos,7 Days of Code: Java,https://7daysofcode.io/matricula/java,,DESAFIO
JavaScript - Fundamentos,MDN Web Docs: Um primeiro mergulho no JavaScript,https://developer.mozilla.org/pt-BR/docs/Learn/JavaScript/First_steps,,SITE
JavaScript - Fundamentos,MDN Web Docs: Trabalhando com texto — strings em JavaScript,https://developer.mozilla.org/pt-BR/docs/Learn/JavaScript/First_steps/Strings,,SITE
JavaScript - Fundamentos,MDN Web Docs: if...else,https://developer.mozilla.org/pt-BR/docs/Web/JavaScript/Reference/Statements/if...else,,SITE
JavaScript - Fundamentos,MDN Web Docs: while,https://developer.mozilla.org/pt-BR/docs/Web/JavaScript/Reference/Statements/while,,SITE
JavaScript - Fundamentos,MDN Web Docs: for,https://developer.mozilla.org/pt-BR/docs/Web/JavaScript/Reference/Statements/for,,SITE
JavaScript - Fundamentos,MDN Web Docs: Arrays,https://developer.mozilla.org/pt-BR/docs/Learn/JavaScript/First_steps/Arrays,,SITE
JavaScript - Fundamentos,MDN Web Docs: Template strings,https://developer.mozilla.org/pt-BR/docs/Web/JavaScript/Reference/Template_literals,,SITE
JavaScript - Fundamentos,Definindo Funções em Javascript,https://blog.matheuscastiglioni.com.br/definindo-funcoes-em-javascript/,,ARTIGO
JavaScript - Fundamentos,Mario Souto - Dev Soutinho: Como manipular arrays e objetos em JavaScript,https://www.youtube.com/watch?v=yS7AcF-xRUg,,YOUTUBE
JavaScript - Fundamentos,Marco Bruno: O que é Json e como criar um objeto,https://www.youtube.com/watch?v=oCY5YEEjlwE,,YOUTUBE
JavaScript - Fundamentos,Mario Souto - Dev Soutinho: Como usar Async/Await? Promises no JavaScript?,https://www.youtube.com/watch?v=q28lfkBd9F4,,YOUTUBE
JavaScript - Fundamentos,Mario Souto - Dev Soutinho: Como pegar dados de uma API? Como fazer AJAX? | Pegando dados de serviços via JavaScript,https://www.youtube.com/watch?v=85vJXFpXLQw,,YOUTUBE
JavaScript - Fundamentos,"JavaScript: o que é, como aprender e um Guia da linguagem mais popular do mundo",https://www.alura.com.br/artigos/javascript/,,ARTIGO
JavaScript - Fundamentos,Hipster 38 - O Reino encantado do JavaScript,https://www.hipsters.tech/o-reino-encantado-do-javascript-hipsters-38/,,PODCAST
JavaScript - Fundamentos,Hipster 169 - JavaScript: manual de sobrevivência 2020,https://www.hipsters.tech/javascript-manual-de-sobrevivencia-2020-hipsters-169/,,PODCAST
JavaScript - Fundamentos,Hipster 236 - Evolução do JavaScript,https://www.hipsters.tech/evolucao-do-javascript-hipsters-ponto-tech-236/,,PODCAST
JavaScript - Fundamentos,Strings com JavaScript: o que são e como manipulá-las,https://www.alura.com.br/artigos/strings-com-javascript-o-que-sao-e-como-manipular,,ARTIGO
JavaScript - Fundamentos,Como utilizar operadores de comparação em Javascript,https://www.alura.com.br/artigos/operadores-matematicos-em-javascript,,ARTIGO
JavaScript - Fundamentos,Para que serve um Array?,https://www.alura.com.br/artigos/javascript-para-que-serve-array,,ARTIGO
JavaScript - Fundamentos,Quando usar forEach e map?,https://www.alura.com.br/artigos/javascript-quando-devo-usar-foreach-e-map,,ARTIGO
JavaScript - Fundamentos,"Manipulação de array com map, filter e reduce",https://www.alura.com.br/artigos/manipulacao-de-array-com-map-filter-e-reduce,,ARTIGO
JavaScript - Fundamentos,Formação Desenvolva aplicações Web com JavaScript,https://cursos.alura.com.br/formacao-javascript-front-end,61,CURSO
JavaScript - Fundamentos,Alura: O que é JavaScript?,https://www.youtube.com/watch?v=NaVSbnnV75Q,,YOUTUBE
JavaScript - Fundamentos,Alura: Destructuring em JavaScript,https://www.youtube.com/watch?v=f8a-qwKC5yk,,YOUTUBE
JavaScript - Fundamentos,Alura: Classes x funções no Javascript,https://www.youtube.com/watch?v=iohhj-k9L6s,,YOUTUBE
JavaScript - Fundamentos,7 Days of Code: JavaScript e DOM,https://7daysofcode.io/matricula/javascript-e-dom,,DESAFIO
JavaScript - Fundamentos,7 Days of Code: JavaScript e DOM com API,https://7daysofcode.io/matricula/javascript-e-dom-api,,DESAFIO
JavaScript - Fundamentos,7 Days of Code: JavaScript e DOM - Wordle,https://7daysofcode.io/matricula/javascript-e-dom-wordle,,DESAFIO
Linux - Fundamentos,Comandos linux,https://pllara.medium.com/comandos-linux-4db7307c17b7,,ARTIGO
Linux - Fundamentos,Comandos básicos no Linux,https://medium.com/linkapi-solutions/comandos-b%C3%A1sicos-no-linux-95079363ab0e,,ARTIGO
Linux - Fundamentos,Ninja do Linux: Comandos básicos da linha de comando do Linux,https://www.youtube.com/watch?v=rs_yshFGu8E,,YOUTUBE
Linux - Fundamentos,MIT - The Missing Semester of Your CS Education (inglês),https://missing.csail.mit.edu/,,CURSO
Linux - Fundamentos,"Linux: download, instalação, distribuições e principais comandos",https://www.alura.com.br/artigos/linux-download-instalacao-distribuicoes-e-principais-comandos,,ARTIGO
Linux - Fundamentos,Procurando arquivos no Linux,https://www.alura.com.br/artigos/procurando-arquivos-no-linux,,ARTIGO
Linux - Fundamentos,Criando comandos no Linux com Bash,https://www.alura.com.br/artigos/criando-comandos-no-linux-com-bash,,ARTIGO
Linux - Fundamentos,Linux - Visualizando tamanhos de Diretórios,https://www.alura.com.br/artigos/como-visualizar-o-tamanho-de-diretorios-no-linux,,ARTIGO
Linux - Fundamentos,Entendendo as permissões no Linux,https://www.alura.com.br/artigos/entendendo-as-permissoes-no-linux,,ARTIGO
Linux - Fundamentos,Linux: compactando e descompactando arquivos com o tar,https://www.alura.com.br/artigos/linux-compactando-e-descompactando-arquivos-com-o-tar,,ARTIGO
Linux - Fundamentos,SSH: o acesso remoto aos servidores,https://www.alura.com.br/artigos/como-acessar-servidores-remotamente-com-ssh,,ARTIGO
Linux - Fundamentos,Linux Onboarding: usando a CLI de uma forma rápida e prática,https://cursos.alura.com.br/course/linux-onboarding-utilizar-cli-forma-rapida-pratica,8,CURSO
Linux - Fundamentos,Linux Onboarding: localizando arquivos e conteúdos,https://cursos.alura.com.br/course/linux-onboarding-arquivos-conteudos,8,CURSO
Linux - Fundamentos,Linux Onboarding: obtendo e tratando informações do sistema,https://cursos.alura.com.br/course/linux-onboarding-informacoes-sistema,8,CURSO
Linux - Fundamentos,"Linux Onboarding: trabalhe com usuários, permissões e dispositivos",https://cursos.alura.com.br/course/linux-onboarding-usuarios-permissoes-dispositivos,8,CURSO
Linux - Fundamentos,"DevOps: explorando conceitos, comandos e scripts no Linux CLI",https://www.alura.com.br/curso-online-devops-conceitos-comandos-scripts-linux-cli,8,CURSO
Git e GitHub - Fundamentos,GitHub Documentação,https://docs.github.com/pt,,SITE
Git e GitHub - Fundamentos,GitHub Pages Documentação,https://docs.github.com/pt/pages/getting-started-with-github-pages/about-github-pages,,SITE
Git e GitHub - Fundamentos,Git School - Visualizing Git,https://git-school.github.io/visualizing-git/,,SITE
Git e GitHub - Fundamentos,"Dangit, Git!?!",https://dangitgit.com/,,SITE
Git e GitHub - Fundamentos,Rafaella Ballerini: O que é Git e GitHub? - definição e conceitos importantes 1/2,https://www.youtube.com/watch?v=DqTITcMq68k,,YOUTUBE
Git e GitHub - Fundamentos,Rafaella Ballerini: Como usar Git e GitHub na prática! - desde o primeiro commit até o pull request! 2/2,https://www.youtube.com/watch?v=UBAX-13g8OM,,YOUTUBE
Git e GitHub - Fundamentos,Mario Souto - Dev Soutinho: Git: Entendendo de vez como funciona do melhor e mais visual jeito possível,https://www.youtube.com/watch?v=4-tfJ-ZyA0Q,,YOUTUBE
Git e GitHub - Fundamentos,Mario Souto - Dev Soutinho: Como colocar seu projeto no ar DE GRAÇA via GitHub! | Hospedagem com GitHub Pages,https://www.youtube.com/watch?v=BU-w2_Aae54,,YOUTUBE
Git e GitHub - Fundamentos,CodandoTV(Rods) - 5 coisas que você precisa saber sobre Git,https://youtu.be/MqoqPzjQyCY?si=VI_mT8EowuemptmU,,YOUTUBE
Git e GitHub - Fundamentos,CodandoTV(Rods) - README de Sucesso: Transforme seu Projeto ou seu Perfil em Destaque no GitHub,https://youtu.be/v9ZM2PVzctM?si=49ah_HRPIwpSEX4A,,YOUTUBE
Git e GitHub - Fundamentos,"Git e Github: O que são, Como Configurar e Primeiros Passos",https://www.alura.com.br/artigos/o-que-e-git-github,,ARTIGO
Git e GitHub - Fundamentos,Mais git com o hub: a linha de comando do Github,https://www.alura.com.br/artigos/github-na-linha-de-comando,,ARTIGO
Git e GitHub - Fundamentos,Hipsters 184: Guia do Iniciante em Github,https://cursos.alura.com.br/extra/hipsterstech/guia-do-iniciante-em-github-hipsters-184-a378,,PODCAST
Git e GitHub - Fundamentos,GitHub: diferentes maneiras de compartilhar seu projeto,https://cursos.alura.com.br/extra/alura-mais/github-diferentes-maneiras-de-compartilhar-seu-projeto-c2002,,SITE
Git e GitHub - Fundamentos,Websérie: Git e Github para Sobrevivência,https://www.alura.com.br/webseries/git-e-github-para-sobrevivencia,,SITE
Git e GitHub - Fundamentos,Hipsters 109: Git e Github,https://www.alura.com.br/podcast/hipsterstech-git-e-github-hipsters-109-a474,,PODCAST
Git e GitHub - Fundamentos,Alura: Git e Github para Sobrevivência 01: Como o Git funciona?,https://www.youtube.com/watch?v=BAmvmaKQklQ,,YOUTUBE
Git e GitHub - Fundamentos,Curso Git e GitHub: compartilhando e colaborando em projetos,https://cursos.alura.com.br/course/git-github-compartilhando-colaborando-projetos,8,CURSO
Git e GitHub - Fundamentos,Curso Git e GitHub: dominando controle de versão de código,https://cursos.alura.com.br/course/git-github-dominando-controle-versao-codigo,8,CURSO
Git e GitHub - Fundamentos,7 Days of Code: GitHub,https://7daysofcode.io/matricula/github,,DESAFIO
HTTP - Fundamentos,MDN Web Docs: Uma visão geral do HTTP,https://developer.mozilla.org/pt-BR/docs/Web/HTTP/Overview,,SITE
HTTP - Fundamentos,MDN Web Docs: Métodos de requisição HTTP,https://developer.mozilla.org/pt-BR/docs/Web/HTTP/Methods,,SITE
HTTP - Fundamentos,HTTP Cats,https://http.cat/,,SITE
HTTP - Fundamentos,HTTP Dogs,https://http.dog/,,SITE
HTTP - Fundamentos,"Fabiano Gabardo Lemos: Requisições HTTP - GET, POST, PUT, PATCH DELETE",https://www.youtube.com/watch?v=kncOJZrnkTg,,YOUTUBE
HTTP - Fundamentos,Programador a Bordo: Protocolo HTTP e TCP/IP - Introdução,https://www.youtube.com/watch?v=V4XZ81vRGtM,,YOUTUBE
HTTP - Fundamentos,HTTP: Desmistificando o protocolo da Web,https://www.alura.com.br/artigos/desmistificando-o-protocolo-http-parte-1,,ARTIGO
HTTP - Fundamentos,Métodos de requisição do HTTP,https://www.alura.com.br/artigos/metodos-de-requisicao-do-http,,ARTIGO
HTTP - Fundamentos,Qual é a diferença entre HTTP e HTTPS?,https://www.alura.com.br/artigos/qual-e-diferenca-entre-http-e-https,,ARTIGO
HTTP - Fundamentos,Hipsters.tech: HTTP/2: magia com o novo protocolo - Hipsters 13,https://www.alura.com.br/podcast/http-2-magia-com-o-novo-protocolo-hipsters-13-a573,,PODCAST
HTTP - Fundamentos,Curso HTTP: Entendendo a web por baixo dos panos,https://www.alura.com.br/curso-online-http-entendendo-web-por-baixo-dos-panos,10,CURSO
Linha de comando - Fundamentos,Microsoft Docs: Como usar argumentos de linha de comando para terminal do Windows,https://docs.microsoft.com/pt-br/windows/terminal/command-line-arguments?tabs=windows,,SITE
Linha de comando - Fundamentos,Estevan Maito: Linha de comando básica - 8 comandos mais frequentes - WINDOWS e LINUX,https://www.youtube.com/watch?v=rKBqXJZocYk,,YOUTUBE
Linha de comando - Fundamentos,Ninja do Linux: Comandos básicos da linha de comando do Linux,https://www.youtube.com/watch?v=rs_yshFGu8E,,YOUTUBE
Linha de comando - Fundamentos,CMD: dicas para trabalhar no prompt do Windows,https://www.alura.com.br/artigos/cmd-dicas-para-trabalhar-no-prompt-do-windows,,ARTIGO
Linha de comando - Fundamentos,"Como configurar variáveis de ambiente no Windows, Linux e macOS",https://www.alura.com.br/artigos/configurar-variaveis-ambiente-windows-linux-macos,,ARTIGO
Linha de comando - Fundamentos,Primeiras aulas do Curso Windows Prompt: Trabalhando na linha de comando,https://www.alura.com.br/conteudo/windows-prompt-utilizando-cmd,,SITE
Linha de comando - Fundamentos,Curso Windows Prompt: Trabalhando na linha de comando,https://www.alura.com.br/curso-online-prompt,8,CURSO
Linha de comando - Fundamentos,Curso Terminal: aprenda comandos para executar tarefas,https://cursos.alura.com.br/course/terminal-comandos-executar-tarefas,10,CURSO
Cloud - Fundamentos,Computação em nuvem,https://medium.com/sysadminas/computa%C3%A7%C3%A3o-em-nuvem-515930304cf9,,ARTIGO
Cloud - Fundamentos,O que é cloud?,https://gabriel-faraday.medium.com/o-que-%C3%A9-cloud-991109e708c6,,ARTIGO
Cloud - Fundamentos,Gabs Ferreira: Por que investir e estudar cloud?,https://www.youtube.com/watch?v=Z45BTNeZ1l0,,YOUTUBE
Cloud - Fundamentos,Andre Iacono: O que é MICROSOFT AZURE? Qual Certificação começar em 2022?,https://www.youtube.com/watch?v=f-oVzkvMwnE,,YOUTUBE
Cloud - Fundamentos,AWS: O que é a AWS?,https://www.youtube.com/watch?v=8JI9wQ8sUdQ,,YOUTUBE
Cloud - Fundamentos,O que é Google Cloud e por que aprender?,https://www.youtube.com/shorts/Lzq3f1DHWcI,,YOUTUBE
Cloud - Fundamentos,AWS vs Google Cloud vs Azure: o que cada um tem de melhor?,https://medium.com/data-hackers/aws-vs-google-cloud-vs-azure-o-que-cada-um-tem-de-melhor-52107174f7b7,,ARTIGO
Cloud - Fundamentos,Código Fonte TV: Azure (A plataforma Cloud da Microsoft),https://www.youtube.com/watch?v=YgE-sZaCuJ0,,YOUTUBE
Cloud - Fundamentos,Mundo da Cloud: AWS do Zero ao Expert,https://www.youtube.com/watch?v=HiBCv9DolxI&list=PLtL97Owd1gkQ0dfqGW8OtJ-155Gs67Ecz,,YOUTUBE
Cloud - Fundamentos,Hipsters.tech: TechGuide - Fundamentos Cloud – Hipsters Ponto Tech #348,https://www.hipsters.tech/techguide-fundamentos-cloud-hipsters-ponto-tech-348/,,PODCAST
Cloud - Fundamentos,"Cloud: o que é, História e Guia da computação em nuvem",https://www.alura.com.br/artigos/cloud,,ARTIGO
Cloud - Fundamentos,Hipsters.tech: Uma jornada Para o Cloud - Hipsters Deep Dive 005,https://www.alura.com.br/podcast/uma-jornada-para-o-cloud-hipsters-deep-dive-005-a1100,,PODCAST
Cloud - Fundamentos,Hipsters.tech: Histórias do Cloud - Hipsters 04,https://www.alura.com.br/podcast/historias-do-cloud-hipsters-04-a582,,PODCAST
Cloud - Fundamentos,"Heroku, Vercel e outras opções de cloud como plataforma",https://www.alura.com.br/artigos/heroku-vercel-outras-opcoes-cloud-plataforma,,ARTIGO
Cloud - Fundamentos,"AWS: Guia sobre o que é Amazon Web Services, seus Serviços e Certificações",https://www.alura.com.br/artigos/aws,,ARTIGO
Cloud - Fundamentos,Terraform: criando máquinas na Azure,https://www.alura.com.br/artigos/terraform-maquinas-na-azure,,ARTIGO
Cloud - Fundamentos,Alura: O que é cloud?,https://www.youtube.com/watch?v=wev9fMrg-TU,,YOUTUBE
Cloud - Fundamentos,"Alura: AWS, Google Cloud e Azure: Por onde começar? | Hipsters.Talks",https://www.youtube.com/watch?v=z9k6rsdmWc0&t=300s,,YOUTUBE
Cloud - Fundamentos,"Alura: Certificação em Cloud: Azure, AWS, Google | Hipsters.Talks",https://www.youtube.com/watch?v=W4K82n_WK5g&t=290s,,YOUTUBE
Cloud - Fundamentos,Formação Começando em Cloud Computing,https://cursos.alura.com.br/formacao-cloud-computing,36,CURSO
Cloud - Fundamentos,Formação Amazon Web Services,https://cursos.alura.com.br/formacao-amazon-web-services,47,CURSO
Cloud - Fundamentos,Formação Google Certified Associate Cloud Engineer,https://cursos.alura.com.br/formacao-google-certified-associate-cloud-engineer,46,CURSO
Cloud - Fundamentos,Formação Certificação AWS Certified Cloud Practitioner,https://cursos.alura.com.br/formacao-aws-certified-cloud-practitioner,66,CURSO
Cloud - Fundamentos,Formação Containers com AWS ECS e EKS,https://cursos.alura.com.br/formacao-containers-aws,9,CURSO
Cloud - Fundamentos,Formação Google Cloud Platform,https://cursos.alura.com.br/formacao-google-cloud,17,CURSO
Cloud - Fundamentos,Formação Azure,https://cursos.alura.com.br/formacao-conhecendo-azure,40,CURSO
Cloud - Fundamentos,Formação Certificação AZ-900: Microsoft Azure Fundamentals,https://cursos.alura.com.br/formacao-certificacao-az-900-microsoft-azure-fundamentals,48,CURSO
Shell Scripting,O que é shell script,https://diolinux.com.br/tecnologia/o-que-e-shell-script.html,,ARTIGO
Shell Scripting,Lucas Caton: Como criar scripts no Linux e no macOS,https://www.youtube.com/watch?v=W84Ok6XGnow,,YOUTUBE
Shell Scripting,NetworkChuck: BASH Scripting,https://www.youtube.com/watch?v=SPwyp2NG-bE,,YOUTUBE
Shell Scripting,Shell Script: Introdução e Como Automatizar Tarefas,https://www.alura.com.br/artigos/automatizando-tarefas-com-shell-script,,ARTIGO
Shell Scripting,Lendo e escrevendo arquivos com o redirecionamento no Shell,https://www.alura.com.br/artigos/lendo-e-escrevendo-arquivos-com-o-redirecionamento-no-shell,,ARTIGO
Shell Scripting,Criando comandos no Linux com Bash,https://www.alura.com.br/artigos/criando-comandos-no-linux-com-bash,,ARTIGO
Shell Scripting,Shell Scripting parte 1: scripts de automação de tarefas,https://cursos.alura.com.br/course/shellscripting,10,CURSO
Shell Scripting,"Shell Scripting parte 2: fazendo monitoramento, agendando tarefas e backup",https://cursos.alura.com.br/course/shellscripting-parte-2,10,CURSO
Shell Scripting,PowerShell parte 1: a linguagem de scripting moderna,https://cursos.alura.com.br/course/powershell-parte1,20,CURSO
Shell Scripting,"PowerShell parte 2: Sessões, Jobs e Administração Remota",https://cursos.alura.com.br/course/powershell-parte2,20,CURSO
Shell Scripting,Formação Scripting: automatizando tarefas em DevOps,https://www.alura.com.br/formacao-scripting-automatizando-tarefas-devops,29,CURSO
Redes de Computadores - Fundamentos,IBM: Conceitos de rede e comunicação,https://www.ibm.com/docs/pt-br/aix/7.3?topic=management-network-communication-concepts,,SITE
Redes de Computadores - Fundamentos,AWS: O que são redes de computadores?,https://aws.amazon.com/pt/what-is/computer-networking/,,SITE
Redes de Computadores - Fundamentos,Red Hat: O que é gerenciamento de rede?,https://www.redhat.com/pt-br/topics/management/what-is-network-management,,SITE
Redes de Computadores - Fundamentos,Redes de Computadores — Sabendo o básico — Intro,https://medium.com/code-breaker/redes-de-computadores-sabendo-o-b%C3%A1sico-intro-1a7d5653e118,,ARTIGO
Redes de Computadores - Fundamentos,O protocolo TCP/IP,https://joaomarcuraa.medium.com/o-protocolo-tcp-ip-1dc2cdb88b07,,ARTIGO
Redes de Computadores - Fundamentos,Código Fonte TV: IP (Entenda finalmente como funciona o IPv4 e o IPv6) | Dicionário do Programador,https://www.youtube.com/watch?v=O8DmpmBMUSw,,YOUTUBE
Redes de Computadores - Fundamentos,Rede de Computadores - Animação em 3D,https://www.youtube.com/watch?v=Iqcp3k8DgGw,,YOUTUBE
Redes de Computadores - Fundamentos,"Enterprise Networking, Security, and Automation",https://www.netacad.com/pt-br/courses/networking/ccna-enterprise-networking-security-automation,4,CURSO
Redes de Computadores - Fundamentos,"Switching, Routing, and Wireless Essentials",https://www.netacad.com/pt-br/courses/networking/ccna-switching-routing-wireless-essentials,4,CURSO
Redes de Computadores - Fundamentos,Introduction to Networks,https://www.netacad.com/pt-br/courses/networking/ccna-introduction-networks,4,CURSO
Redes de Computadores - Fundamentos,"Rede de computadores: um guia completo sobre o que são, como funcionam e quais cursos fazer na área",https://www.alura.com.br/artigos/rede-de-computadores,,ARTIGO
Redes de Computadores - Fundamentos,Conhecendo algumas topologias de rede,https://www.alura.com.br/artigos/conhecendo-algumas-topologias-de-rede,,ARTIGO
Redes de Computadores - Fundamentos,Como calcular máscaras de sub-rede de forma simples,https://www.alura.com.br/artigos/como-calcular-mascaras-de-sub-rede,,ARTIGO
Redes de Computadores - Fundamentos,Entendendo os padrões de Wi-Fi,https://www.alura.com.br/artigos/entendendo-os-padroes-de-wi-fi,,ARTIGO
Redes de Computadores - Fundamentos,Diferenças entre Hubs e Switches,https://www.alura.com.br/artigos/diferencas-entre-hubs-e-switches,,ARTIGO
Redes de Computadores - Fundamentos,Entendendo os cabos de rede,https://www.alura.com.br/artigos/entendendo-os-cabos-de-rede,,ARTIGO
Redes de Computadores - Fundamentos,"SSH, Telnet e as diferenças para conectar em um servidor",https://www.alura.com.br/artigos/entendendo-as-diferencas-entre-telnet-e-ssh,,ARTIGO
Redes de Computadores - Fundamentos,Formação Redes de Computadores,https://cursos.alura.com.br/formacao-redes,37,CURSO
Contêineres,IBM: Contêineres,https://www.ibm.com/br-pt/cloud/learn/containers,,SITE
Contêineres,HPE: O que são contêineres?,https://www.hpe.com/br/pt/what-is/containers.html,,SITE
Contêineres,Google Cloud: O que são contêineres?,https://cloud.google.com/learn/what-are-containers?hl=pt-br,,SITE
Contêineres,Azure: O que é um contêiner?,https://azure.microsoft.com/pt-br/resources/cloud-computing-dictionary/what-is-a-container/,,SITE
Contêineres,Red Hat: O que é Kubernetes,https://www.redhat.com/pt-br/topics/containers/what-is-kubernetes,,ARTIGO
Contêineres,Azure: O que é Kubernetes?,https://azure.microsoft.com/pt-br/topic/what-is-kubernetes/,,ARTIGO
Contêineres,Kubernetes - Guia de Referência Gratuito,https://renatogroffe.medium.com/kubernetes-guia-de-refer%C3%AAncia-gratuito-a2c1be8e7593,,ARTIGO
Contêineres,Código Fonte TV: Containers // Dicionário do Programador,https://www.youtube.com/watch?v=-pUZBovqRcU,,YOUTUBE
Contêineres,Código Fonte TV: Kubernetes // Dicionário do Programador,https://www.youtube.com/watch?v=mVL0nOM3AGo,,YOUTUBE
Contêineres,Insight Lab: Revisão Docker - Curso de Introdução ao Kubernetes,https://www.youtube.com/watch?v=bcRArpK00OU,,YOUTUBE
Contêineres,Pisani da ArcH: Kubernetes - entenda e comece a arquitetar agora mesmo,https://www.youtube.com/watch?v=XjaqTqm7g58,,YOUTUBE
Contêineres,O que é Kubernetes,https://www.alura.com.br/artigos/o-que-e-kubernetes,,ARTIGO
Contêineres,Criando volumes com Docker,https://www.alura.com.br/artigos/criando-volumes-com-docker,,ARTIGO
Contêineres,Docker Compose para compor uma aplicação,https://www.alura.com.br/artigos/compondo-uma-aplicacao-com-o-docker-compose,,ARTIGO
Contêineres,Alura: O que são Containers?,https://www.youtube.com/watch?v=jv4_sLlGOS0,,YOUTUBE
Contêineres,"Alura: Containers, Docker e Kubernetes (com Giovanni Bassi)",https://www.youtube.com/watch?v=wxLvvMxzc1Q,,YOUTUBE
Contêineres,Hipsters.tech: Containers e Docker - Hipsters 75,https://www.alura.com.br/podcast/hipsterstech-containers-e-docker-hipsters-75-a511,,PODCAST
Contêineres,Hipsters.tech: Kubernetes - Hipsters 177,https://www.alura.com.br/podcast/kubernetes-hipsters-177-a389,,PODCAST
Contêineres,Hipsters.tech: Microsserviços e Kubernetes na Americanas.com - Hipsters On The Road 56,https://www.alura.com.br/podcast/microsservicos-e-kubernetes-na-americanas-com-hipsters-on-the-road-56-a857,,PODCAST
Contêineres,Formação Orquestração de containers com Kubernetes,https://www.alura.com.br/formacao-kubernetes,71,CURSO
Contêineres,Curso Docker: criando e gerenciando containers,https://www.alura.com.br/curso-online-docker-criando-gerenciando-containers,10,CURSO
Contêineres,"Curso Kubernetes: Pods, Services e ConfigMaps",https://www.alura.com.br/curso-online-kubernetes-pods-services-configmap,8,CURSO
Contêineres,"Curso Kubernetes: Deployments, Volumes e Escalabilidade",https://www.alura.com.br/curso-online-kubernetes-deployments-volumes-escalabilidade,8,CURSO
Contêineres,Curso Google Kubernetes Engine,https://www.alura.com.br/curso-online-google-kubernetes-engine-primeiros-passos,8,CURSO
Contêineres,Curso Kubernetes na Digital Ocean: gerenciando aplicações conteinerizadas,https://www.alura.com.br/curso-online-kubernetes-digital-ocean,8,CURSO
Contêineres,Curso Amazon EKS: gerenciando aplicações conteinerizadas com Kubernetes,https://www.alura.com.br/curso-online-amazon-eks-kubernetes,6,CURSO
Contêineres,Curso Azure: gerencie Kubernetes com AKS e ACR,https://www.alura.com.br/curso-online-azure-gerencie-kubernetes-com-aks-acr,12,CURSO
Infraestrutura como código (IaC),O que é infraestrutura como código (IaC)?,https://www.redhat.com/pt-br/topics/automation/what-is-infrastructure-as-code-iac,,ARTIGO
Infraestrutura como código (IaC),Sobrinho de TI: Infrastructure as code (IAC) - Você sabe o que é?,https://www.youtube.com/watch?v=qd9hrsN0w2A,,YOUTUBE
Infraestrutura como código (IaC),IBM Technology: What is Infrastructure as Code? (inglês),https://www.youtube.com/watch?v=zWw2wuiKd5o,,YOUTUBE
Infraestrutura como código (IaC),Um Inventor Qualquer: Infra-as-code com AWS CloudFormation e CDK,https://www.youtube.com/watch?v=GdQ0E-wyNO0,,YOUTUBE
Infraestrutura como código (IaC),Código Fonte TV: Terraform em 10 Minutos | Dicionário do Programador,https://www.youtube.com/watch?v=0EAjJe8aPkc,,YOUTUBE
Infraestrutura como código (IaC),Conhecendo o Terraform,https://www.alura.com.br/artigos/conheca-o-terraform,,ARTIGO
Infraestrutura como código (IaC),GitOps: o que é?,https://www.alura.com.br/artigos/o-que-e-git-ops,,ARTIGO
Infraestrutura como código (IaC),Criando o primeiro ambiente com o Terraform,https://www.alura.com.br/artigos/criando-o-primeiro-ambiente-com-terraform,,ARTIGO
Infraestrutura como código (IaC),Terraform: criando máquinas na Azure,https://www.alura.com.br/artigos/terraform-maquinas-na-azure,,ARTIGO
Infraestrutura como código (IaC),Curso Infraestrutura como código: preparando máquinas na AWS com Ansible e Terraform,https://cursos.alura.com.br/course/infraestrutura-codigo-maquinas-aws-ansible-terraform,8,CURSO
Infraestrutura como código (IaC),Curso Infraestrutura como código: separando ambientes na AWS com Ansible e Terraform,https://cursos.alura.com.br/course/infraestrutura-codigo-aws-ansible-terraform,8,CURSO
Infraestrutura como código (IaC),Curso Infraestrutura como código: montando uma infraestrutura elástica na AWS,https://cursos.alura.com.br/course/infraestrutura-codigo-infraestrutura-elastica-aws,6,CURSO
Infraestrutura como código (IaC),Curso Infraestrutura como código: Docker e Elastic Beanstalk na AWS,https://cursos.alura.com.br/course/infraestrutura-codigo-docker-elastic-beanstalk-aws,8,CURSO
Infraestrutura como código (IaC),"Curso Infraestrutura como código: Terraform, Docker e Elastic Container Service",https://cursos.alura.com.br/course/infraestrutura-codigo-terraform-docker-elastic-container-service-aws,8,CURSO
Infraestrutura como código (IaC),Curso Infraestrutura como código: Terraform e Kubernetes,https://cursos.alura.com.br/course/infraestrutura-codigo-terraform-kubernetes,6,CURSO
Entrega e integração contínuas (CI/CD),O que é CI/CD?,https://www.redhat.com/pt-br/topics/devops/what-is-ci-cd,,ARTIGO
Entrega e integração contínuas (CI/CD),Sobre integração contínua,https://docs.github.com/pt/actions/automating-builds-and-tests/about-continuous-integration,,ARTIGO
Entrega e integração contínuas (CI/CD),Código Fonte TV: Pipeline (CD/CI) | Dicionário do Programador,https://www.youtube.com/watch?v=AZtTd3pFVTY,,YOUTUBE
Entrega e integração contínuas (CI/CD),Entrega e integração contínua de aplicações Vue,https://www.alura.com.br/artigos/entrega-e-integracao-continua-de-aplicacoes-vue,,ARTIGO
Entrega e integração contínuas (CI/CD),GitOps: o que é?,https://www.alura.com.br/artigos/o-que-e-git-ops,,ARTIGO
Entrega e integração contínuas (CI/CD),Tipos de testes: quais os principais e por que utilizá-los?,https://www.alura.com.br/artigos/tipos-de-testes-principais-por-que-utiliza-los,,ARTIGO
Entrega e integração contínuas (CI/CD),"Integração Contínua, Deploy Contínuo e Github Actions",https://cursos.alura.com.br/extra/hipsterstech/integracao-continua-deploy-continuo-e-github-actions-hipsters-213-a335,,PODCAST
Entrega e integração contínuas (CI/CD),Testes Automatizados,https://cursos.alura.com.br/extra/hipsterstech/testes-automatizados-hipsters-51-a535,,PODCAST
Entrega e integração contínuas (CI/CD),Curso Integração Contínua: mais qualidade e menos risco no desenvolvimento,https://cursos.alura.com.br/course/desenvolvimento-software-integracao-continua,6,CURSO
Entrega e integração contínuas (CI/CD),Curso Entrega Contínua: confiabilidade e qualidade na implantação de software,https://cursos.alura.com.br/course/entrega-continua-confiabilidade-qualidade,8,CURSO
Entrega e integração contínuas (CI/CD),Formação: Integração Contínua e Entrega Contínua,https://cursos.alura.com.br/formacao-integracao-continua-entrega-continua,50,CURSO
SQL - Fundamentos,SQL — O que é e como funciona na prática?,https://medium.com/pravaler-digital-team/sql-o-que-%C3%A9-e-como-funciona-na-pr%C3%A1tica-6ae7a322554a,,ARTIGO
SQL - Fundamentos,SQL: comandos básicos,https://medium.com/nerdzao/sql-comandos-b%C3%A1sicos-483a8dc12909,,ARTIGO
SQL - Fundamentos,CreateSe: Comandos básicos do SQL,https://www.youtube.com/watch?v=_rZxrqn0X-4,,YOUTUBE
SQL - Fundamentos,O que é SQL?,https://www.alura.com.br/artigos/o-que-e-sql,,ARTIGO
SQL - Fundamentos,"SQL JOIN: Aprenda INNER, LEFT, RIGHT, FULL e CROSS",https://www.alura.com.br/artigos/join-em-sql,,ARTIGO
SQL - Fundamentos,Alura: O que é SQL e NoSQL?,https://www.youtube.com/watch?v=aure5d3B88g,,YOUTUBE
SQL - Fundamentos,Formação Conhecendo SQL,https://www.alura.com.br/formacao-conhecendo-sql,41,CURSO
SQL - Fundamentos,Curso SQL com MySQL: manipule e consulte dados,https://cursos.alura.com.br/course/mysql-manipule-dados-com-sql,8,CURSO
SQL - Fundamentos,Formação SQL com MySQL Server da Oracle,https://cursos.alura.com.br/formacao-oracle-mysql,42,CURSO
SQL - Fundamentos,SQL e NoSQL: trabalhando com bancos relacionais e não relacionais,https://www.alura.com.br/artigos/sql-nosql-bancos-relacionais-nao-relacionais,,ARTIGO
SQL - Fundamentos,Microsoft SQL Server 2022: conhecendo SQL,https://cursos.alura.com.br/course/microsoft-sql-server-conhecendo-sql,8,CURSO
SQL - Fundamentos,Curso de PostgreSQL,https://cursos.alura.com.br/course/introducao-postgresql-primeiros-passos,8,CURSO
SQL - Fundamentos,SQL com Oracle Database: manipule e consulte dados,https://cursos.alura.com.br/course/introducao-sql-oracle-manipule-consulte-dados,12,CURSO
SQL - Fundamentos,SQL e MySQL,https://cursos.alura.com.br/extra/hipsterstech/sql-e-mysql-hipsters-ponto-tech-404-a9270,,PODCAST
Engenharia de Confiabilidade de Sites (SRE),AWS: O que é engenharia de confiabilidade dos sites?,https://aws.amazon.com/pt/what-is/sre/,,SITE
Engenharia de Confiabilidade de Sites (SRE),Google Cloud: Medição de DevOps - monitoramento e observabilidade,https://cloud.google.com/architecture/devops/devops-measurement-monitoring-and-observability?hl=pt-br,,SITE
Engenharia de Confiabilidade de Sites (SRE),Red Hat: O que é Jaeger?,https://www.redhat.com/pt-br/topics/microservices/what-is-jaeger,,SITE
Engenharia de Confiabilidade de Sites (SRE),Conceitos de DevOps e SRE,https://medium.com/sysadminas/conceitos-de-devops-e-sre-bbb05bb3c9fe,,ARTIGO
Engenharia de Confiabilidade de Sites (SRE),Google Cloud Events: Introdução ao Site Reliability Engineering (SRE),https://www.youtube.com/watch?v=DNuSRFIAgxQ&ab_channel=GoogleCloudEvents,,YOUTUBE
Engenharia de Confiabilidade de Sites (SRE),Estudando Devops: O que é DevOps? | O que é SRE?,https://www.youtube.com/watch?v=E__bROyybgc,,YOUTUBE
Engenharia de Confiabilidade de Sites (SRE),IBM Technology: Observability vs. APM vs. Monitoring (inglês),https://www.youtube.com/watch?v=CAQ_a2-9UOI,,YOUTUBE
Engenharia de Confiabilidade de Sites (SRE),SRE: Site Reliability Engineering – Hipsters #187,https://www.hipsters.tech/sre-site-reliability-engineering-hipsters-187/,,PODCAST
Engenharia de Confiabilidade de Sites (SRE),"SRE, Segurança e DevOps no Pipefy - Hipsters On The Road #25",https://www.hipsters.tech/sre-seguranca-e-devops-no-pipefy-hipsters-on-the-road-25/,,PODCAST
Engenharia de Confiabilidade de Sites (SRE),Observabilidade no Itaú – Hipsters Ponto Tech #334,https://www.hipsters.tech/observabilidade-no-itau-hipsters-ponto-tech-334/,,PODCAST
Engenharia de Confiabilidade de Sites (SRE),Ferramentas de Monitoramento e Observabilidade - Hipsters Ponto Tech #281,https://www.alura.com.br/podcast/hipsterstech-ferramentas-de-monitoramento-e-observabilidade-hipsters-ponto-tech-281-a1317,,PODCAST
Engenharia de Confiabilidade de Sites (SRE),SRE - Engenharia de Confiabilidade de Sites,https://www.alura.com.br/videos/sre-engenharia-de-confiabilidade-de-sites-c1112,24,CURSO
Engenharia de Confiabilidade de Sites (SRE),Curso SRE: entenda a confiabilidade dos sistemas,https://cursos.alura.com.br/course/sre-entenda-confiabilidade-sistemas,8,CURSO
Engenharia de Confiabilidade de Sites (SRE),Curso Observabilidade: coletando métricas de uma aplicação com Prometheus,https://www.alura.com.br/curso-online-observabilidade-prometheus,10,CURSO
Engenharia de Confiabilidade de Sites (SRE),"Curso Monitoramento: Prometheus, Grafana e Alertmanager",https://www.alura.com.br/curso-online-monitoramento-prometheus-grafana-alertmanager,12,CURSO
Engenharia de Confiabilidade de Sites (SRE),Curso Confiabilidade: garantindo o estado de integridade de sistemas através de logs,https://www.alura.com.br/curso-online-confiabilidade-garantindo-estado-integridade,10,CURSO
Engenharia de Confiabilidade de Sites (SRE),Curso Confiabilidade: centralizando logs com Grafana Loki,https://www.alura.com.br/curso-online-confiabilidade-centralizando-logs-grafana-loki,12,CURSO
Engenharia de Confiabilidade de Sites (SRE),Curso Rastreamento: fazendo tracing com Jaeger e OpenTelemetry,https://www.alura.com.br/curso-online-rastreamento-tracing-jaeger-opentelemetry,8,CURSO
Engenharia de Confiabilidade de Sites (SRE),Formação SRE,https://www.alura.com.br/formacao-sre,62,CURSO
Arquitetura de Microsserviços,Baixar esse guia,https://github.com/alura/techguide/blob/main/_data/downloadFiles/PT_BR/devops.md,,
Arquitetura de Microsserviços,Google Cloud: O que é a arquitetura de microsserviços?,https://cloud.google.com/learn/what-is-microservices-architecture?hl=pt-br,,ARTIGO
Arquitetura de Microsserviços,Amazon: O que são microsserviços?,https://aws.amazon.com/pt/microservices/,,ARTIGO
Arquitetura de Microsserviços,Otavio Lemos: Microsserviços | O mínimo que você precisa saber,https://www.youtube.com/watch?v=eN8dFfTrEtQ,,YOUTUBE
Arquitetura de Microsserviços,Douglas Mugnos: O que é arquitetura de microsserviços? Como ela funciona?,https://www.youtube.com/watch?v=_Oyy5PFOIcU,,YOUTUBE
Arquitetura de Microsserviços,Hipsters.tech: TechGuide - Microsserviços – Hipsters Ponto Tech #349,https://www.hipsters.tech/techguide-microsservicos-hipsters-ponto-tech-349/,,PODCAST
Arquitetura de Microsserviços,Alura: O que são Microsserviços?,https://www.youtube.com/watch?v=jSnLOoGjQ80,,YOUTUBE
Arquitetura de Microsserviços,Hipsters.tech: Microserviços - Hipsters 17,https://www.alura.com.br/podcast/microservicos-hipsters-17-a569,,PODCAST
Arquitetura de Microsserviços,Hipsters.tech: Microsserviços na Caelum - Hipsters On The Road 6,https://www.alura.com.br/podcast/microsservicos-na-caelum-hipsters-on-the-road-6-a436,,PODCAST
Arquitetura de Microsserviços,Hipsters.tech: Microsserviços autônomos na Usabilla - Hipsters On The Road 10,https://www.alura.com.br/podcast/microsservicos-autonomos-na-usabilla-hipsters-on-the-road-10-a424,,PODCAST
Arquitetura de Microsserviços,Alura+: O que são Microsserviços?,https://cursos.alura.com.br/extra/alura-mais/o-que-sao-microsservicos--c699,,SITE
Arquitetura de Microsserviços,Alura+: Tipos de Microservices,https://cursos.alura.com.br/extra/alura-mais/tipos-de-microservices-c698,,SITE
Arquitetura de Microsserviços,Curso Microsserviços: padrões de projeto,https://cursos.alura.com.br/course/microsservicos-padroes-projeto,6,CURSO
Arquitetura de Microsserviços,Curso Microsserviços: explorando os conceitos,https://cursos.alura.com.br/course/fundamentos-microsservicos-aprofundando-conceitos,8,CURSO
Arquitetura de Microsserviços,Curso Microsserviços na prática: entendendo a tomada de decisões,https://cursos.alura.com.br/course/Microsservicos-pratica-tomada-decisoes,8,CURSO
"Firewalls, IDS e IPS",Baixar esse guia,https://github.com/alura/techguide/blob/main/_data/downloadFiles/PT_BR/devops.md,,
"Firewalls, IDS e IPS",pfSense,https://www.pfsense.org/,,SITE
"Firewalls, IDS e IPS",UFW: Descomplicando o Firewall,https://medium.com/permalink-univesp/ufw-descomplicando-o-firewall-83159d85b57a,,ARTIGO
"Firewalls, IDS e IPS",O que é e por que usar um firewall Pfsense pra sua rede?,https://phbols.medium.com/o-que-%C3%A9-e-por-que-usar-um-firewall-pfsense-pra-sua-rede-35813c7ef2e,,ARTIGO
"Firewalls, IDS e IPS",IPTABLES VS NFTABLES,https://medium.com/@nayara.watanuki/iptables-vs-nftables-883e3afc8e83,,ARTIGO
"Firewalls, IDS e IPS",Sistemas de detecção de intrusos e sistemas de prevenção de intrusos,https://medium.com/mobicareofficial/sistemas-de-detec%C3%A7%C3%A3o-e-de-preven%C3%A7%C3%A3o-de-intrusos-princ%C3%ADpios-e-aplica%C3%A7%C3%A3o-de-entropia-9a33680f3948,,ARTIGO
"Firewalls, IDS e IPS",Learning More about IPS and IDS,https://gupta-bless.medium.com/learning-more-about-ips-and-ids-ef6d859c2ab3,,ARTIGO
"Firewalls, IDS e IPS",Firewall com Iptables: Teoria e Prática,https://www.youtube.com/watch?v=_xIuY_3EQ2o,,YOUTUBE
"Firewalls, IDS e IPS",iptables Complete Guide,https://www.youtube.com/watch?v=6Ra17Qpj68c,,YOUTUBE
"Firewalls, IDS e IPS",[FIAP] Cyber Security Fundamentals & Skills,https://www.fiap.com.br/shift/curso/tecnologia/cyber-security-fundamentals-e-skills-online/,,CURSO
"Firewalls, IDS e IPS",[FIAP] CSO Cyber Security Officer,https://www.fiap.com.br/shift/imersao/tecnologia/cso-cyber-security-officer-remoto/,,CURSO
Internet das Coisas (IoT) - Fundamentos,Baixar esse guia,https://github.com/alura/techguide/blob/main/_data/downloadFiles/PT_BR/devops.md,,
Internet das Coisas (IoT) - Fundamentos,Arduino,https://www.arduino.cc/,,SITE
Internet das Coisas (IoT) - Fundamentos,Raspberry Pi (inglês),https://www.raspberrypi.com/,,SITE
Internet das Coisas (IoT) - Fundamentos,Raspberry Pi Foundation (inglês),https://www.raspberrypi.org/,,SITE
Internet das Coisas (IoT) - Fundamentos,Internet das Coisas: entenda o que é e veja exemplos de suas aplicações,https://medium.com/system-it-solutions/internet-das-coisas-o-que-e-exemplos-b82855d1a969,,ARTIGO
Internet das Coisas (IoT) - Fundamentos,"Uso da IoT, big data e inteligência artificial nas capacidades dinâmicas e seus microfundamentos",https://repositorio.ucp.pt/handle/10400.14/25384,,ARTIGO
Internet das Coisas (IoT) - Fundamentos,IOTA Development Roadmap,https://medium.com/iotatangle/iota-development-roadmap-74741f37ed01,,ARTIGO
Internet das Coisas (IoT) - Fundamentos,Arduino for Web Developers,https://medium.com/hackernoon/arduino-for-web-developers-deb7bd1841c1,,ARTIGO
Internet das Coisas (IoT) - Fundamentos,Laboratório da Julia: IoT para iniciantes,https://www.youtube.com/watch?v=-ym9zvsQsOo,,YOUTUBE
Internet das Coisas (IoT) - Fundamentos,Engenharia Detalhada: TUDO sobre a IOT,https://www.youtube.com/watch?v=2TXOZFmhGGo,,YOUTUBE
Internet das Coisas (IoT) - Fundamentos,Código Fonte TV: IoT (Internet das Coisas),https://www.youtube.com/watch?v=qNHydTYkfcg,,YOUTUBE
Internet das Coisas (IoT) - Fundamentos,Brincando com Ideias: Arduino IOT Cloud - A Internet das Coisas fácil,https://www.youtube.com/watch?v=qZTMrj_w2Hk,,YOUTUBE
Internet das Coisas (IoT) - Fundamentos,Arduino MINÚSCULO com INTELIGÊNCIA ARTIFICIAL?,http://www.youtube.com/watch?v=8GoT_1WF3Ss,,YOUTUBE
Internet das Coisas (IoT) - Fundamentos,MD DIGITAL PODCAST: Internet das Coisas (IOT) - Five14Cast #011,https://www.youtube.com/watch?v=GRfEdvuMZIU,,YOUTUBE
Internet das Coisas (IoT) - Fundamentos,Introduction to IoT,https://www.netacad.com/pt-br/courses/iot/introduction-iot,4,CURSO
Internet das Coisas (IoT) - Fundamentos,IoT Fundamentals,https://www.netacad.com/pt-br/courses/iot/iot-fundamentals,4,CURSO
Internet das Coisas (IoT) - Fundamentos,Segurança de IoT,https://www.netacad.com/pt-br/courses/cybersecurity/iot-security,,CURSO
Internet das Coisas (IoT) - Fundamentos,Hipsters #140: Automação residencial,https://cursos.alura.com.br/extra/hipsterstech/automacao-residencial-hipsters-140-a441,,PODCAST
Internet das Coisas (IoT) - Fundamentos,Hipsters On The Road #51: IoT e débito técnico na Cobli,https://cursos.alura.com.br/extra/hipsterstech/iot-e-debito-tecnico-na-cobli-hipsters-on-the-road-51-a778,,PODCAST
Internet das Coisas (IoT) - Fundamentos,Como a IoT (Internet das Coisas) está revolucionando o setor industrial,https://www.alura.com.br/empresas/artigos/internet-das-coisas,,ARTIGO
DevSecOps,Baixar esse guia,https://github.com/alura/techguide/blob/main/_data/downloadFiles/PT_BR/devops.md,,
DevSecOps,RedHat: DevSecOps,https://www.redhat.com/pt-br/topics/devops/what-is-devsecops,,SITE
DevSecOps,Amazon AWS: O que é DevSecOps?,https://aws.amazon.com/pt/what-is/devsecops/,,SITE
DevSecOps,DevSecOps: vamos falar tecnicamente?,https://medium.com/porto-seguro/devsecops-vamos-falar-tecnicamente-c14c10da3a6a,,ARTIGO
DevSecOps,Código Fonte TV: DevSecOps (Segurança no Ciclo de Desenvolvimento de Software) // Dicionário do Programador,https://www.youtube.com/watch?v=CCp30BD9uRo&ab_channel=C%C3%B3digoFonteTV,,YOUTUBE
DevSecOps,Sobrinho de TI: Entenda o que é DevOps e DevSecOps,https://www.youtube.com/watch?v=Crm6IuKnsng&ab_channel=SobrinhodeTI,,YOUTUBE
DevSecOps,Formação Desenvolvimento Seguro,https://cursos.alura.com.br/formacao-desenvolvimento-seguro,45,CURSO
HTML - Fundamentos,MDN Web Docs: HTML básico,https://developer.mozilla.org/pt-BR/docs/Learn/Getting_started_with_the_web/HTML_basics,,SITE
HTML - Fundamentos,Rafaella Ballerini: 5 MINUTOS DE HTML PARA INICIAR EM PROGRAMAÇÃO!,https://www.youtube.com/watch?v=3oSIqIqzN3M,,YOUTUBE
HTML - Fundamentos,Rafaella Ballerini: LANDING PAGE COM HTML e CSS!,https://www.youtube.com/watch?v=llF6vD-RljE,,YOUTUBE
HTML - Fundamentos,Rafaella Ballerini: FORMULÁRIOS COM HTML e CSS!,https://www.youtube.com/watch?v=wwqOJ2o84S4,,YOUTUBE
HTML - Fundamentos,"HTML: o que é, a importância para a Web, como aprender e um Guia para iniciantes",https://www.alura.com.br/artigos/html,,ARTIGO
HTML - Fundamentos,ALURA+Alura+: Fazendo deploy de um projeto na Vercel,https://cursos.alura.com.br/extra/alura-mais/fazendo-deploy-de-um-projeto-na-vercel-c9239,,
HTML - Fundamentos,"HTML, CSS e Javascript, quais as diferenças?",https://www.alura.com.br/artigos/html-css-e-js-definicoes,,ARTIGO
HTML - Fundamentos,Formação HTML e CSS,https://www.alura.com.br/formacao-html-e-css,53,CURSO
HTML - Fundamentos,"Apostila: Desenvolvimento Web com HTML, CSS e JavaScript",https://www.alura.com.br/apostila-html-css-javascript,,CURSO
HTML - Fundamentos,7 Days of Code: HTML e CSS,https://7daysofcode.io/matricula/html-css,,DESAFIO
CSS - Fundamentos,MDN Web Docs: Iniciando com CSS,https://developer.mozilla.org/pt-BR/docs/Learn/CSS/First_steps/Getting_started,,SITE
CSS - Fundamentos,MDN Web Docs: Seletores,https://developer.mozilla.org/pt-BR/docs/Learn/CSS/Building_blocks/Selectors,,SITE
CSS - Fundamentos,MDN Web Docs: Cascata e herança,https://developer.mozilla.org/pt-BR/docs/Learn/CSS/Building_blocks/Cascade_and_inheritance,,SITE
CSS - Fundamentos,MDN Web Docs: Propriedade 'display',https://developer.mozilla.org/pt-BR/docs/Web/CSS/display,,SITE
CSS - Fundamentos,MDN Web Docs: Conceitos básicos de Flexbox,https://developer.mozilla.org/pt-BR/docs/Web/CSS/CSS_Flexible_Box_Layout/Basic_Concepts_of_Flexbox,,SITE
CSS - Fundamentos,MDN Web Docs: Grid Layout,https://developer.mozilla.org/pt-BR/docs/Web/CSS/CSS_Grid_Layout/Basic_Concepts_of_Grid_Layout,,SITE
CSS - Fundamentos,"Entendendo CSS: Display Inline, Block e Inline-Block",https://dev.to/sucodelarangela/entendendo-css-display-inline-block-e-inline-block-lic,,ARTIGO
CSS - Fundamentos,Entendendo CSS: Pseudo-Classes e Pseudo-Elementos,https://dev.to/sucodelarangela/entendendo-css-pseudo-classes-e-pseudo-elementos-b83,,ARTIGO
CSS - Fundamentos,Como aplicar opacidade em background-image sem afetar textos,https://dev.to/sucodelarangela/como-aplicar-opacidade-em-background-image-sem-afetar-textos-31fj,,ARTIGO
CSS - Fundamentos,Rafaella Ballerini: O QUE É CSS?,https://www.youtube.com/watch?v=LWU2OR19ZG4,,YOUTUBE
CSS - Fundamentos,Rafaella Ballerini: FLEXBOX CSS! Como posicionar elementos na página web - parte 1,https://www.youtube.com/watch?v=KbjLtEgmZ_E,,YOUTUBE
CSS - Fundamentos,Rafaella Ballerini: FLEXBOX CSS! Como posicionar elementos na página web - parte 2,https://www.youtube.com/watch?v=hjz6ezV9_uc,,YOUTUBE
CSS - Fundamentos,Matheus Castiglioni: Arquitetura CSS - BEM,https://www.youtube.com/watch?v=yKPXW9aSxQI,,YOUTUBE
CSS - Fundamentos,Matheus Castiglioni: CSS Grid Layout,https://www.youtube.com/watch?v=HBlBNAtFcdw,,YOUTUBE
CSS - Fundamentos,Mario Souto - Dev Soutinho: Como centralizar no CSS,https://www.youtube.com/watch?v=Cu-HP-gvggg,,YOUTUBE
CSS - Fundamentos,Hipster 09 - CSS: Cansei de Ser Simples,https://www.hipsters.tech/css-cansei-de-ser-simples-hipsters-09/,,PODCAST
CSS - Fundamentos,"CSS: o que é, como usar no HTML e um Guia para iniciar",https://www.alura.com.br/artigos/css,,ARTIGO
CSS - Fundamentos,"HTML, CSS e Javascript, quais as diferenças?",https://www.alura.com.br/artigos/html-css-e-js-definicoes,,ARTIGO
CSS - Fundamentos,Guia de unidades no CSS,https://www.alura.com.br/artigos/guia-de-unidades-no-css,,ARTIGO
CSS - Fundamentos,CSS: Guia do Flexbox,https://www.alura.com.br/artigos/css-guia-do-flexbox,,ARTIGO
CSS - Fundamentos,Como fazer Grids e a Responsividade na Web,https://www.alura.com.br/artigos/como-fazer-grids-e-a-responsividade-na-web,,ARTIGO
CSS - Fundamentos,Como criar animações incríveis com CSS,https://www.alura.com.br/artigos/animacoes-com-css,,ARTIGO
CSS - Fundamentos,Houdini CSS: um jeito mágico de criar estilos personalizados,https://www.alura.com.br/artigos/houdini-css,,ARTIGO
CSS - Fundamentos,Alura: CSS FlexBox: Dicas para começar,https://www.youtube.com/watch?v=326-B1avuYo,,YOUTUBE
CSS - Fundamentos,Alura: Box Model e Sizing no CSS,https://www.youtube.com/watch?v=qcNUxyOWXIw,,YOUTUBE
CSS - Fundamentos,Alura: Curso de HTML5 e CSS3,https://www.youtube.com/watch?v=78AyiuxYceg,,YOUTUBE
CSS - Fundamentos,"Apostila: Desenvolvimento Web com HTML, CSS e JavaScript",https://www.alura.com.br/apostila-html-css-javascript,,CURSO
CSS - Fundamentos,Formação HTML e CSS,https://www.alura.com.br/formacao-html-e-css,53,CURSO
CSS - Fundamentos,Formação CSS: aprofunde em estilos,https://cursos.alura.com.br/formacao-css-estilos,36,CURSO
CSS - Fundamentos,HTML e CSS: responsividade com mobile-first,https://www.alura.com.br/curso-online-html-css-responsividade-mobile-first,12,CURSO
CSS - Fundamentos,"CSS: cursos para transformar designs com Grid, Flexbox e Sass",https://cursos.alura.com.br/formacao-css-cursos-transformar-designs-grid-flexbox-sass,52,CURSO
CSS - Fundamentos,7 Days of Code: HTML e CSS,https://7daysofcode.io/matricula/html-css,,DESAFIO
CSS - Fundamentos,7 Days of Code: Responsividade,https://7daysofcode.io/matricula/responsividade,,DESAFIO
DOM - Fundamentos,MDN Web Docs: Introdução ao DOM,https://developer.mozilla.org/pt-BR/docs/Web/API/Document_Object_Model/Introduction,,SITE
DOM - Fundamentos,MDN Web Docs: querySelector(),https://developer.mozilla.org/pt-BR/docs/Web/API/Document/querySelector,,SITE
DOM - Fundamentos,MDN Web Docs: addEventListener(),https://developer.mozilla.org/pt-BR/docs/Web/API/EventTarget/addEventListener,,SITE
DOM - Fundamentos,Felipe Aguiar - Laboratório de javascript: Javascript DOM 01 - DOM - A base da manipulação e criação de páginas dinâmicas,https://www.youtube.com/watch?v=G31EuXNMDPk,,YOUTUBE
DOM - Fundamentos,Curso JavaScript: manipulando o DOM,https://cursos.alura.com.br/course/javascript-manipulando-elementos-dom,6,CURSO
DOM - Fundamentos,Guia para manipular eventos no DOM com JavaScript: técnicas e exemplos práticos,https://www.alura.com.br/artigos/eventos-do-dom,,ARTIGO
DOM - Fundamentos,7 Days of Code: JavaScript e DOM,https://7daysofcode.io/matricula/javascript-e-dom,,DESAFIO
DOM - Fundamentos,7 Days of Code: JavaScript e DOM com API,https://7daysofcode.io/matricula/javascript-e-dom-api,,DESAFIO
DOM - Fundamentos,7 Days of Code: JavaScript e DOM - Wordle,https://7daysofcode.io/matricula/javascript-e-dom-wordle,,DESAFIO
Estratégias de SEO,Guia completo de SEO — Como fazer e quais são as boas práticas,https://medium.com/@redacaogalata/guia-completo-de-seo-como-fazer-e-quais-s%C3%A3o-as-boas-pr%C3%A1ticas-529ea97fdc98,,ARTIGO
Estratégias de SEO,Kenneth Corrêa: SEO - O que é SEO?,https://www.youtube.com/watch?v=BJpf9VD7A5g,,YOUTUBE
Estratégias de SEO,Canal do Consultor: Introdução ao SEO: O que é? Para que serve? Diferenças entre SEO e SEM,https://www.youtube.com/watch?v=hn0DDvCB5eg,,YOUTUBE
Estratégias de SEO,"SEO: o que é, boas práticas e ferramentas para a sua estratégia dar certo",https://www.alura.com.br/artigos/seo-o-que-e-boas-praticas-ferramentas-estrategia,,ARTIGO
Estratégias de SEO,Hipsters.tech: SEO moderno - Hipsters Ponto Tech 289,https://www.alura.com.br/podcast/hipsterstech-seo-moderno-hipsters-ponto-tech-289-a1394,,PODCAST
Estratégias de SEO,Layers.tech: SEO e Youtube - Layers ponto tech 38,https://www.alura.com.br/podcast/seo-e-youtube-layers-ponto-tech-38-a1081,,PODCAST
Estratégias de SEO,Alura: Como rankear bem no Google?,https://www.youtube.com/watch?v=PfGyzrLGqZ8,,YOUTUBE
Estratégias de SEO,Formação SEO,https://www.alura.com.br/formacao-seo,36,CURSO
